step,system_total_stopped,system_total_waiting_time,system_mean_waiting_time,system_mean_speed,T1_stopped,T1_accumulated_waiting_time,T1_average_speed,agents_total_stopped,agents_total_accumulated_waiting_time
0.0,0,0.0,0.0,0.0,0,0.0,1.0,0,0.0
5.0,0,0.0,0.0,13.092801000455006,0,0.0,0.9339012886769492,0,0.0
10.0,0,0.0,0.0,13.03951464464747,0,0.0,0.9331359195397555,0,0.0
15.0,0,0.0,0.0,13.360464721867979,0,0.0,0.9494703733167577,0,0.0
20.0,0,0.0,0.0,13.102931399760203,0,0.0,0.9282562090051284,0,0.0
25.0,0,0.0,0.0,12.989720242729131,0,0.0,0.937502533257898,0,0.0
30.0,1,1.0,0.0196078431372549,12.951590862230022,1,1.0,0.9167358230869301,1,1.0
35.0,2,7.0,0.11864406779661017,12.414850568260237,2,7.0,0.8717844977977568,2,7.0
40.0,2,2.0,0.030303030303030304,11.72434715189486,2,2.0,0.8610636316162924,2,2.0
45.0,4,15.0,0.2,11.258451853665646,4,15.0,0.8253554432863393,4,15.0
50.0,9,33.0,0.4074074074074074,9.928455874794274,9,35.0,0.7305086741985894,9,35.0
55.0,13,91.0,1.0,9.564817531317374,13,91.0,0.6650448111064552,13,91.0
60.0,23,188.0,1.9583333333333333,8.984149123876085,23,188.0,0.6100608299742697,23,188.0
65.0,27,315.0,3.0288461538461537,8.82430047998955,27,316.0,0.6031441052144731,27,316.0
70.0,23,296.0,2.740740740740741,7.8399606477399475,23,360.0,0.5559944836112594,23,360.0
75.0,30,430.0,3.739130434782609,8.322498930193623,30,433.0,0.577075564598073,30,433.0
80.0,40,597.0,4.933884297520661,7.755548401974392,40,599.0,0.5084727681710373,40,599.0
85.0,43,807.0,6.255813953488372,7.922541038003341,43,811.0,0.5170038908884375,43,811.0
90.0,26,317.0,2.3308823529411766,8.488587637103244,26,722.0,0.5684284098228627,26,722.0
95.0,10,90.0,0.6521739130434783,10.203977258737954,10,282.0,0.7012484730594404,10,282.0
100.0,10,28.0,0.19718309859154928,9.53061872655082,10,251.0,0.6374530096620057,10,251.0
105.0,29,129.0,0.8657718120805369,8.648284672133538,29,301.0,0.5251936735950805,29,301.0
110.0,24,134.0,0.864516129032258,8.64380665018923,24,311.0,0.5491962045361334,24,311.0
115.0,12,126.0,0.7974683544303798,9.75643088028977,12,209.0,0.6551425747180287,12,209.0
120.0,12,186.0,1.1481481481481481,10.529790713764568,12,199.0,0.7187891219826066,12,199.0
125.0,17,257.0,1.5864197530864197,10.177347903014038,17,260.0,0.6642159566407982,17,260.0
130.0,11,115.0,0.6927710843373494,10.160909915106497,11,234.0,0.6911500461214748,11,234.0
135.0,11,119.0,0.7041420118343196,10.023155748923031,11,165.0,0.6820866159647186,11,165.0
140.0,20,203.0,1.180232558139535,9.833269978851698,20,212.0,0.6238559658569697,20,212.0
145.0,26,166.0,0.9764705882352941,9.569071996026233,26,257.0,0.5757749651154177,26,257.0
150.0,31,280.0,1.6867469879518073,9.152346642371317,31,304.0,0.5440113993655732,31,304.0
155.0,35,379.0,2.3251533742331287,8.69675897399825,35,422.0,0.5117685916115127,35,422.0
160.0,37,523.0,3.16969696969697,8.432577874552042,37,565.0,0.5135949641980284,37,565.0
165.0,41,680.0,4.358974358974359,7.840061938967764,41,733.0,0.4712122656105442,41,733.0
170.0,51,915.0,5.791139240506329,7.415080422567965,51,958.0,0.4386696225641648,51,958.0
175.0,38,424.0,2.65,7.4636788705632195,38,897.0,0.4424737817402771,38,897.0
180.0,23,211.0,1.2710843373493976,8.99668585259636,23,521.0,0.5338902523972422,23,521.0
185.0,23,315.0,1.8313953488372092,10.077295342300193,23,423.0,0.6179501618772515,23,423.0
190.0,22,362.0,2.0451977401129944,9.378776324361308,22,473.0,0.543461485140726,22,473.0
195.0,39,522.0,2.916201117318436,8.636627023119189,39,599.0,0.47758687960068,39,599.0
200.0,50,750.0,4.076086956521739,8.417676786349938,50,827.0,0.47437708217160646,50,827.0
205.0,41,611.0,3.3756906077348066,8.432879108661114,41,859.0,0.48813392312604126,41,859.0
210.0,38,578.0,3.302857142857143,8.42751069470174,38,890.0,0.49230239041220175,38,890.0
215.0,39,664.0,3.751412429378531,8.82102322960986,39,975.0,0.51550241745702,39,975.0
220.0,22,238.0,1.367816091954023,8.573080513765753,22,879.0,0.48590192822719896,22,879.0
225.0,10,50.0,0.28735632183908044,9.83357548070112,10,592.0,0.611968254541514,10,592.0
230.0,13,91.0,0.52,10.263291988274046,13,438.0,0.6501376284484852,13,438.0
235.0,18,103.0,0.5988372093023255,9.857876307800566,18,420.0,0.6033831603728199,18,420.0
240.0,27,180.0,1.0404624277456647,9.231946980491665,27,491.0,0.5420158785981917,27,491.0
245.0,20,157.0,0.9075144508670521,8.51118090275872,20,540.0,0.4849712147062463,20,540.0
250.0,18,204.0,1.146067415730337,9.341954380780255,18,537.0,0.5554532947373785,18,537.0
255.0,23,309.0,1.8070175438596492,9.377724621631199,23,609.0,0.5843392222116344,23,609.0
260.0,25,336.0,2.0,8.886253341328338,25,648.0,0.5556077370809884,25,648.0
265.0,30,396.0,2.3157894736842106,9.039172519151078,30,640.0,0.5550518904911443,30,640.0
270.0,24,431.0,2.5502958579881656,9.337129441055756,24,736.0,0.5967490659578243,24,736.0
275.0,23,494.0,3.0121951219512195,9.52001109119882,23,828.0,0.5887842306636403,23,828.0
280.0,25,555.0,3.425925925925926,9.103751392975774,25,883.0,0.5423883706039742,25,883.0
285.0,34,672.0,4.226415094339623,8.251656040649168,34,918.0,0.487001236757379,34,918.0
290.0,44,858.0,5.2317073170731705,7.973296218915561,44,1010.0,0.45904251627979215,44,1010.0
295.0,46,1075.0,6.761006289308176,7.629257874807456,46,1195.0,0.4618193454437419,46,1195.0
300.0,32,1011.0,6.279503105590062,8.039908524987787,32,1276.0,0.5064809565387351,32,1276.0
305.0,28,1067.0,6.427710843373494,8.6033084358647,28,1245.0,0.5244501442695538,28,1245.0
310.0,34,1224.0,7.07514450867052,8.571465468083662,34,1357.0,0.5067324569133537,34,1357.0
315.0,40,1412.0,8.305882352941177,8.517269670645188,40,1525.0,0.5071879638506318,40,1525.0
320.0,44,1619.0,9.304597701149426,8.382231696374983,44,1727.0,0.476356507098407,44,1727.0
325.0,51,1864.0,10.837209302325581,8.30372469995481,51,1972.0,0.4765284193797288,51,1972.0
330.0,52,2124.0,12.348837209302326,8.187151360542883,52,2232.0,0.45781591115783143,52,2232.0
335.0,50,1517.0,8.718390804597702,7.7333066267001,50,2157.0,0.4386529799611958,50,2157.0
340.0,46,978.0,5.556818181818182,7.826444575734585,46,1773.0,0.46051907154035776,46,1773.0
345.0,33,625.0,3.5511363636363638,7.813416517049245,33,1700.0,0.47661333078873963,33,1700.0
350.0,37,466.0,2.67816091954023,7.738248969956436,37,1715.0,0.4658790722708669,37,1715.0
355.0,42,486.0,2.793103448275862,7.39518256049639,42,1734.0,0.41497763509678853,42,1734.0
360.0,58,622.0,3.49438202247191,7.144339528010141,58,1892.0,0.3985736766572716,58,1892.0
365.0,52,659.0,3.6815642458100557,7.243536929550625,52,1945.0,0.411972257089757,52,1945.0
370.0,49,751.0,4.059459459459459,7.175392414163266,49,1712.0,0.3963542614620533,49,1712.0
375.0,49,878.0,4.720430107526882,6.881734575636054,49,1905.0,0.379118844952988,49,1905.0
380.0,58,1108.0,5.8936170212765955,6.564911642534832,58,2121.0,0.3637222209986615,58,2121.0
385.0,52,562.0,2.957894736842105,6.6150387073558266,52,2080.0,0.3665055319028017,52,2080.0
390.0,28,219.0,1.1288659793814433,7.774417400855624,28,1653.0,0.4393271811283155,28,1653.0
395.0,36,314.0,1.6020408163265305,7.441293581749951,36,1705.0,0.4086481162443153,36,1705.0
400.0,52,503.0,2.465686274509804,6.843405603843008,52,1819.0,0.3541643568385464,52,1819.0
405.0,51,606.0,2.9705882352941178,6.825910881291596,51,1838.0,0.3667625658654513,51,1838.0
410.0,33,671.0,3.1952380952380954,8.24244788642462,33,1715.0,0.4632856123474122,33,1715.0
415.0,37,608.0,2.881516587677725,8.321841386541482,37,1673.0,0.4487252223606405,37,1673.0
420.0,48,505.0,2.4047619047619047,8.14272558224545,48,1571.0,0.43578270008798126,48,1571.0
425.0,30,270.0,1.2796208530805686,8.145825901130571,30,1506.0,0.4655649254580975,30,1506.0
430.0,30,333.0,1.6009615384615385,8.569277989535975,30,1486.0,0.481605226365008,30,1486.0
435.0,43,523.0,2.5763546798029555,8.609012196439666,43,1652.0,0.45705990240439076,43,1652.0
440.0,51,685.0,3.45959595959596,8.062530206209656,51,1731.0,0.40927862963739076,51,1731.0
445.0,57,868.0,4.36180904522613,8.053180647963389,57,1702.0,0.4070163246174868,57,1702.0
450.0,46,722.0,3.683673469387755,7.649028196237217,46,1666.0,0.39269481630874353,46,1666.0
455.0,51,746.0,3.825641025641026,7.681811104414989,50,1723.0,0.4236969333218686,50,1723.0
460.0,53,813.0,4.1692307692307695,7.606710665958196,53,1801.0,0.4030766530932491,53,1801.0
465.0,42,546.0,2.7437185929648242,7.6229435674615065,42,1876.0,0.4214582718917541,42,1876.0
470.0,35,507.0,2.6,8.23281163828935,35,1857.0,0.45398390396703686,35,1857.0
475.0,37,375.0,1.913265306122449,8.075655360332366,37,1887.0,0.4381853901978228,37,1887.0
480.0,42,328.0,1.6734693877551021,8.100169985005989,42,1780.0,0.42671269950720103,42,1780.0
485.0,39,304.0,1.52,7.767044322489336,39,1876.0,0.3989929522456636,39,1876.0
490.0,52,420.0,2.0588235294117645,7.183513556953848,50,1978.0,0.3821035587899412,50,1978.0
495.0,59,634.0,3.202020202020202,6.951357258366224,59,2133.0,0.3650285074837083,59,2133.0
500.0,62,812.0,4.273684210526316,6.253824484651763,62,2323.0,0.34735642990127064,62,2323.0
505.0,60,956.0,5.085106382978723,6.065671848194215,60,2407.0,0.344062986275396,60,2407.0
510.0,42,482.0,2.5104166666666665,6.5746660274548105,42,2375.0,0.387322429063556,42,2375.0
515.0,31,181.0,0.923469387755102,7.836479009910868,31,2054.0,0.4595252139185646,31,2054.0
520.0,37,213.0,1.0544554455445545,7.89719181560139,37,2003.0,0.4440639786989083,37,2003.0
525.0,49,359.0,1.795,7.476059756625514,48,1928.0,0.39972480288339596,48,1928.0
530.0,58,579.0,2.7836538461538463,7.439974268984167,58,2050.0,0.38142851462555327,58,2050.0
535.0,64,836.0,4.038647342995169,7.211598685794714,64,2234.0,0.3661272237274087,64,2234.0
540.0,71,1149.0,5.524038461538462,6.9944871959518204,71,2459.0,0.36946478415291495,71,2459.0
545.0,78,1477.0,6.934272300469484,6.460125591498731,78,2644.0,0.34762145713850534,78,2644.0
550.0,88,1861.0,8.990338164251208,5.794892868643663,88,2946.0,0.31614702996744576,88,2946.0
555.0,93,2290.0,10.85308056872038,5.840068498716544,93,3293.0,0.3155644958502826,93,3293.0
560.0,97,2747.0,12.95754716981132,5.489541251815135,97,3656.0,0.31830258776044534,97,3656.0
565.0,94,2831.0,13.610576923076923,5.382051858372379,94,3913.0,0.335856790196402,94,3913.0
570.0,89,2775.0,13.151658767772512,5.768122562147895,89,3934.0,0.33630466951812954,89,3934.0
575.0,92,2907.0,13.647887323943662,5.43332190777131,92,4325.0,0.3091492078064615,92,4325.0
580.0,97,3320.0,15.44186046511628,5.289848717039454,97,4743.0,0.2940575107804521,97,4743.0
585.0,82,2377.0,10.953917050691244,5.4071104488675825,82,4579.0,0.30616573075974435,82,4579.0
590.0,60,1047.0,4.780821917808219,6.346613817062024,60,3659.0,0.337423197902376,60,3659.0
595.0,50,594.0,2.616740088105727,6.61366105146893,50,3774.0,0.35652379854983113,50,3774.0
600.0,59,553.0,2.393939393939394,6.264095441720986,59,3968.0,0.3188158059684679,59,3968.0
605.0,58,654.0,2.759493670886076,6.1413345952322596,58,3791.0,0.3128999055311609,58,3791.0
610.0,46,738.0,3.075,6.709405710584255,46,3283.0,0.3448437636083276,46,3283.0
615.0,42,667.0,2.802521008403361,6.635558759728767,42,3260.0,0.3430723838202353,42,3260.0
620.0,57,562.0,2.3514644351464433,6.118835094693253,57,2937.0,0.3075816958728065,57,2937.0
625.0,68,506.0,2.0653061224489795,6.121082084716378,68,3172.0,0.3147983795335299,68,3172.0
630.0,80,678.0,2.7901234567901234,5.772506690432174,79,3468.0,0.28813915524972317,79,3468.0
635.0,97,1082.0,4.380566801619433,5.657281703089648,97,3872.0,0.2625708992808695,97,3872.0
640.0,112,1569.0,6.430327868852459,5.277952988833782,112,4331.0,0.24484081475146657,112,4331.0
645.0,120,2114.0,8.558704453441296,5.191483178196665,120,4855.0,0.2519575746630994,120,4855.0
650.0,124,2696.0,10.959349593495935,5.174786043181941,124,5418.0,0.25131650538211386,124,5418.0
655.0,131,3331.0,13.821576763485478,4.774709896083399,131,6015.0,0.24252022082214827,131,6015.0
660.0,118,3025.0,12.346938775510203,4.855611976856232,118,6021.0,0.2526888301111522,118,6021.0
665.0,96,2247.0,9.209016393442623,5.61391112781474,96,5168.0,0.2969993189767553,96,5168.0
670.0,75,1782.0,7.2439024390243905,5.682439183405168,75,5369.0,0.30143290738607564,75,5369.0
675.0,77,1561.0,6.319838056680162,5.533458131226279,77,5685.0,0.28694501332009353,77,5685.0
680.0,86,1682.0,6.701195219123506,5.472879855033446,84,6069.0,0.2669158725661543,84,6069.0
685.0,83,1786.0,6.9494163424124515,5.167930058062798,83,6131.0,0.2550718986629286,83,6131.0
690.0,78,1888.0,7.317829457364341,5.318063447895565,78,5618.0,0.260386843052595,78,5618.0
695.0,70,1583.0,6.18359375,5.35765735720669,70,5635.0,0.26661216409433536,70,5635.0
700.0,74,1191.0,4.598455598455598,5.418419418454161,74,5276.0,0.2689751830684853,74,5276.0
705.0,86,1059.0,4.073076923076923,5.253872444000113,86,5101.0,0.25328154957552695,86,5101.0
710.0,80,813.0,3.1634241245136185,5.351273998496698,80,4956.0,0.26964839089398257,80,4956.0
715.0,64,634.0,2.4384615384615387,6.34458861152189,64,4321.0,0.3235488207789776,64,4321.0
720.0,60,704.0,2.6973180076628354,6.302611502087718,60,4341.0,0.31587860013067337,60,4341.0
725.0,69,881.0,3.349809885931559,6.063216596833432,69,4125.0,0.29680279883760585,69,4125.0
730.0,62,982.0,3.6641791044776117,5.975524423772176,62,4078.0,0.28853680737164633,62,4078.0
735.0,54,1104.0,4.119402985074627,6.618395344870615,54,3589.0,0.30748616321815064,54,3589.0
740.0,59,1350.0,5.018587360594796,6.915313316198209,59,3250.0,0.33359083774016396,59,3250.0
745.0,70,1580.0,5.917602996254682,6.144558369201863,70,3404.0,0.29398248104101726,70,3404.0
750.0,84,1878.0,6.929889298892989,6.032010401922248,84,3421.0,0.3054689943183282,84,3421.0
755.0,82,1670.0,6.050724637681159,6.2219534952106015,82,3501.0,0.3078538861306004,82,3501.0
760.0,86,1531.0,5.5071942446043165,6.220422830617936,86,3662.0,0.28198872707494277,86,3662.0
765.0,107,1762.0,6.3610108303249095,6.1479838537072125,107,3849.0,0.25995439334403764,107,3849.0
770.0,104,1458.0,5.34065934065934,5.75977563832793,104,4014.0,0.24300209771170364,104,4014.0
775.0,85,1144.0,4.333333333333333,6.22033817651425,85,3824.0,0.28133450904139234,85,3824.0
780.0,74,1032.0,3.8943396226415095,6.8509321679997575,74,3693.0,0.325744127350686,74,3693.0
785.0,59,920.0,3.5114503816793894,7.213619914250735,59,3708.0,0.34728041115929364,59,3708.0
790.0,52,864.0,3.310344827586207,7.395453700225011,52,3774.0,0.3752317769337653,52,3774.0
795.0,57,984.0,3.741444866920152,7.424101517229674,57,3658.0,0.36741782543581136,57,3658.0
800.0,56,1097.0,4.251937984496124,7.017515103398597,56,3781.0,0.34831784244345787,56,3781.0
805.0,54,1215.0,4.727626459143969,7.3941891569852825,54,3811.0,0.35012516588908793,54,3811.0
810.0,50,1353.0,5.3478260869565215,6.850847784542591,50,3929.0,0.3274348437608837,50,3929.0
815.0,67,1584.0,6.387096774193548,6.479966930157788,67,4039.0,0.2982713922604474,67,4039.0
820.0,63,1734.0,7.10655737704918,6.246299340513584,63,4122.0,0.28224019145558893,63,4122.0
825.0,55,1865.0,7.803347280334728,6.55189737015255,55,4144.0,0.30246796924808816,55,4144.0
830.0,53,2032.0,8.573839662447257,6.491218094562939,53,4267.0,0.3009224947128698,53,4267.0
835.0,59,2269.0,9.780172413793103,6.196373509276049,59,4453.0,0.29772693572574344,59,4453.0
840.0,77,2606.0,11.429824561403509,5.9031988001738664,77,4630.0,0.28484585351523894,77,4630.0
845.0,81,2278.0,9.991228070175438,5.497351206959911,81,4655.0,0.28098356016433707,81,4655.0
850.0,80,1813.0,7.951754385964913,5.482560769734217,80,4289.0,0.2734264641372638,80,4289.0
855.0,69,1177.0,5.095238095238095,5.538049238746104,69,4402.0,0.2927901602590221,69,4402.0
860.0,52,547.0,2.388646288209607,6.476516345844065,52,4308.0,0.3490958322188931,52,4308.0
865.0,42,351.0,1.5064377682403434,6.519933203585535,42,4255.0,0.32882294949249424,42,4255.0
870.0,54,460.0,1.9827586206896552,6.137585918740324,54,4078.0,0.3068531765325661,54,4078.0
875.0,59,509.0,2.1659574468085108,5.90467647058523,59,4109.0,0.28480466662427734,59,4109.0
880.0,75,686.0,2.8945147679324896,5.676742114140166,75,4199.0,0.2798522335938606,75,4199.0
885.0,72,663.0,2.7857142857142856,5.643529422970272,72,4324.0,0.2870445725180008,72,4324.0
890.0,69,638.0,2.658333333333333,6.227662785310224,69,4218.0,0.29416202380183953,69,4218.0
895.0,66,507.0,2.0609756097560976,6.262961657089736,66,4305.0,0.3068717556229242,66,4305.0
900.0,70,521.0,2.1093117408906883,6.391885274692402,70,4117.0,0.3187604376170635,70,4117.0
905.0,77,666.0,2.6963562753036436,6.135890526824096,77,4011.0,0.29994942246885675,77,4011.0
910.0,64,611.0,2.4246031746031744,6.00873963744589,64,4131.0,0.28693413451562955,64,4131.0
915.0,62,623.0,2.4722222222222223,6.601467523459544,62,3952.0,0.3005568086209337,62,3952.0
920.0,62,748.0,3.004016064257028,6.889119002261583,62,3911.0,0.32306636744016176,62,3911.0
925.0,66,755.0,3.02,6.665075592072443,66,4022.0,0.3219667094527429,66,4022.0
930.0,74,803.0,3.2775510204081635,6.399336745275542,74,4034.0,0.31561743436791834,74,4034.0
935.0,83,889.0,3.613821138211382,5.9448751828595405,83,4092.0,0.28799008870294235,83,4092.0
940.0,88,965.0,3.938775510204082,5.5777610758906375,88,4255.0,0.2615774902038836,88,4255.0
945.0,94,1176.0,4.761133603238866,5.406882602523955,94,4376.0,0.2590811906711162,94,4376.0
950.0,92,1313.0,5.231075697211155,5.503558689834121,92,4649.0,0.26393942813746246,92,4649.0
955.0,91,1506.0,5.929133858267717,5.836490915340413,91,4702.0,0.2942911418078589,91,4702.0
960.0,98,1784.0,7.136,5.5186640469059745,96,4974.0,0.27713028636423037,96,4974.0
965.0,92,1524.0,6.096,5.107261951323829,92,5141.0,0.2651267154884528,92,5141.0
970.0,81,1186.0,4.782258064516129,5.3525148086025,81,5031.0,0.2748863162916263,81,5031.0
975.0,73,924.0,3.696,5.546877965148294,73,5157.0,0.2805391931654538,73,5157.0
980.0,77,752.0,2.99601593625498,5.248504956822142,77,5216.0,0.2568065244113802,77,5216.0
985.0,60,654.0,2.5546875,5.59775134153252,60,5161.0,0.28139054281021636,60,5161.0
990.0,53,616.0,2.3601532567049808,6.348154700879204,53,4754.0,0.31780384860199457,53,4754.0
995.0,60,815.0,3.06390977443609,6.753061879338215,60,4554.0,0.3193763164139123,60,4554.0
1000.0,66,1032.0,3.836431226765799,6.530063208336387,66,4665.0,0.29540478447094826,66,4665.0
1005.0,76,1287.0,4.784386617100372,6.466819217923152,76,4739.0,0.29423724366440296,76,4739.0
1010.0,79,1204.0,4.45925925925926,6.209796784337816,79,4861.0,0.2785231416706208,79,4861.0
1015.0,94,1202.0,4.419117647058823,6.052533937835753,94,4975.0,0.2729442575734476,94,4975.0
1020.0,92,1050.0,3.860294117647059,5.862765146568697,92,5100.0,0.2417513387896588,92,5100.0
1025.0,95,1069.0,3.9888059701492535,6.225624091136334,95,5072.0,0.2607372259485717,95,5072.0
1030.0,89,1065.0,3.9154411764705883,6.236515514349862,89,5310.0,0.2785890173018135,89,5310.0
1035.0,90,1139.0,4.3143939393939394,5.719212727537704,89,5464.0,0.24496383304313232,89,5464.0
1040.0,87,1209.0,4.7042801556420235,5.399236229339811,87,5694.0,0.24970409547156275,87,5694.0
1045.0,85,1366.0,5.274131274131274,5.979883372717157,85,5632.0,0.26535447325522055,85,5632.0
1050.0,77,1518.0,6.023809523809524,6.294664681402196,77,5638.0,0.2930261414778912,77,5638.0
1055.0,72,1639.0,6.556,6.042295541243659,72,5788.0,0.29712937508011344,72,5788.0
1060.0,86,1781.0,6.929961089494164,5.833519965476166,86,5834.0,0.2837236302001599,86,5834.0
1065.0,79,1815.0,7.145669291338582,5.802957960287498,79,6091.0,0.28025314858226413,79,6091.0
1070.0,80,1946.0,7.752988047808765,6.098097628478373,80,6169.0,0.2807062252165744,80,6169.0
1075.0,75,2091.0,8.23228346456693,6.006365103857093,75,6465.0,0.28521364661399007,75,6465.0
1080.0,82,2246.0,8.84251968503937,5.8154333433229475,82,6470.0,0.2711975440185497,82,6470.0
1085.0,93,2015.0,7.9644268774703555,5.375595290718868,93,6626.0,0.2466549523227808,93,6626.0
1090.0,104,1637.0,6.496031746031746,5.156008854780902,104,6643.0,0.23970347121553226,104,6643.0
1095.0,101,1501.0,6.004,5.326633552311156,101,6581.0,0.25569007076141415,101,6581.0
1100.0,79,1098.0,4.392,5.490882429935398,79,6775.0,0.280496727442642,79,6775.0
1105.0,64,804.0,3.177865612648221,6.343978367594524,64,6723.0,0.3290719893028985,64,6723.0
1110.0,61,741.0,2.9288537549407114,6.348400925162683,61,6793.0,0.3183291693282599,61,6793.0
1115.0,67,828.0,3.312,5.976964687985416,67,6698.0,0.2832801334574585,67,6698.0
1120.0,69,772.0,2.992248062015504,5.979498019509098,69,6828.0,0.27579229373508146,69,6828.0
1125.0,83,778.0,3.027237354085603,5.809634501562478,82,6760.0,0.27033177417126597,82,6760.0
1130.0,84,978.0,3.835294117647059,5.317486037311479,84,6795.0,0.250071522193809,84,6795.0
1135.0,93,1271.0,4.926356589147287,5.211166476549543,93,6980.0,0.24020560640710303,93,6980.0
1140.0,103,1620.0,6.206896551724138,5.200920477837352,103,7288.0,0.24335046413850767,103,7288.0
1145.0,98,1409.0,5.357414448669202,5.2112025882664375,98,7411.0,0.26754788985023276,98,7411.0
1150.0,85,1119.0,4.222641509433962,5.8559970849533975,85,7119.0,0.28233061805462867,85,7119.0
1155.0,74,948.0,3.590909090909091,6.5156925108251285,74,7022.0,0.3097502174800831,74,7022.0
1160.0,71,1050.0,3.903345724907063,6.84876756495828,71,7016.0,0.3354249332632127,71,7016.0
1165.0,72,947.0,3.520446096654275,6.699141354765148,72,7050.0,0.31431908419104454,72,7050.0
1170.0,79,916.0,3.3676470588235294,6.4899015242601905,78,6880.0,0.28983875782470503,78,6880.0
1175.0,73,926.0,3.391941391941392,6.570957194364709,73,7033.0,0.30117722945528463,73,7033.0
1180.0,64,955.0,3.617424242424242,6.722010300088683,64,7026.0,0.31456326223561215,64,7026.0
1185.0,67,839.0,3.226923076923077,6.432913599381786,67,7171.0,0.30856593052783526,67,7171.0
1190.0,77,677.0,2.5547169811320756,6.2722642745771715,77,7207.0,0.2962575241573995,77,7207.0
1195.0,83,750.0,2.8517110266159698,6.037177955335294,83,7407.0,0.264338817323628,83,7407.0
1200.0,68,772.0,3.015625,5.933673256996629,68,7572.0,0.2832535937924589,68,7572.0
1205.0,64,818.0,3.158301158301158,6.469078723082008,64,7547.0,0.29690879252249525,64,7547.0
1210.0,74,1042.0,4.134920634920635,6.572794891887766,74,7700.0,0.30453147760040467,74,7700.0
1215.0,71,959.0,3.8055555555555554,6.168811108899474,71,7684.0,0.2740285693991533,71,7684.0
1220.0,75,892.0,3.525691699604743,6.265955308878963,75,7403.0,0.2873319965069071,75,7403.0
1225.0,82,1023.0,3.99609375,6.166014960570957,82,7477.0,0.266673726977887,82,7477.0
1230.0,87,1256.0,5.024,5.968255123018251,87,7846.0,0.2610467578915515,87,7846.0
1235.0,94,1498.0,5.968127490039841,5.805369906896084,94,7819.0,0.2414001897701816,94,7819.0
1240.0,81,1387.0,5.52589641434263,5.657489027403798,81,8093.0,0.2598562873223249,81,8093.0
1245.0,66,1247.0,4.948412698412699,6.02856212736704,66,8051.0,0.2734212333568227,66,8051.0
1250.0,67,1349.0,5.249027237354086,6.63927147902193,67,8092.0,0.2970807574669114,67,8092.0
1255.0,68,1481.0,5.924,6.178283894821658,68,8203.0,0.27911246386559024,68,8203.0
1260.0,75,1596.0,6.514285714285714,5.850605795188517,75,7912.0,0.2694201022313994,75,7912.0
1265.0,79,1781.0,7.2693877551020405,5.520392905628273,79,7885.0,0.2682089572169715,79,7885.0
1270.0,71,1876.0,7.688524590163935,5.501325049748233,71,8098.0,0.2722636340419367,71,8098.0
1275.0,63,1917.0,7.8244897959183675,5.939927221003343,63,8092.0,0.298085402548468,63,8092.0
1280.0,57,1904.0,7.771428571428571,5.925807401636179,57,8036.0,0.30231252295540406,57,8036.0
1285.0,68,2109.0,8.504032258064516,5.8656808816485695,68,7996.0,0.2870466519246638,68,7996.0
1290.0,58,2242.0,8.93227091633466,5.902048453026095,58,8013.0,0.2986759659120827,58,8013.0
1295.0,51,2389.0,9.87190082644628,6.199037250914954,51,8077.0,0.31306727166544407,51,8077.0
1300.0,54,2573.0,10.8109243697479,6.028214661811646,54,8118.0,0.3239611582780986,54,8118.0
1305.0,58,2805.0,11.639004149377593,5.936175414579765,58,8049.0,0.3225924668945358,58,8049.0
1310.0,51,2966.0,12.307053941908714,5.862888079068935,51,8157.0,0.329644462231684,51,8157.0
1315.0,51,3157.0,12.938524590163935,6.46690802142638,51,8191.0,0.3502708360112261,51,8191.0
1320.0,58,3410.0,14.090909090909092,6.061064750759226,58,8366.0,0.31849337036308656,58,8366.0
1325.0,63,3707.0,15.130612244897959,5.953861024296661,63,8598.0,0.29974492819393916,63,8598.0
1330.0,65,3914.0,15.531746031746032,5.8070296844920435,65,8701.0,0.2966394209120874,65,8701.0
1335.0,69,4143.0,16.44047619047619,5.877520668848386,69,8802.0,0.30261952118515784,69,8802.0
1340.0,69,4345.0,17.17391304347826,5.761931978095903,69,9063.0,0.3032604934703836,69,9063.0
1345.0,69,4581.0,18.397590361445783,5.988043239407711,69,9321.0,0.3011558703121531,69,9321.0
1350.0,73,4889.0,19.793522267206477,5.7512752104953995,73,9607.0,0.2763412283952878,73,9607.0
1355.0,79,5144.0,20.172549019607843,5.754655649621295,79,9803.0,0.26951301319748117,79,9803.0
1360.0,88,5490.0,21.529411764705884,5.577910341826727,88,9939.0,0.2651126577293863,88,9939.0
1365.0,95,5871.0,23.205533596837945,5.3636684348996395,95,10194.0,0.26180404675134117,95,10194.0
1370.0,89,6138.0,24.650602409638555,5.072864900130167,89,10590.0,0.2613878573305935,89,10590.0
1375.0,93,6399.0,26.01219512195122,5.497756061411446,93,10935.0,0.26810042032323944,93,10935.0
1380.0,97,6688.0,27.40983606557377,4.973414534456096,97,11211.0,0.24422641007381987,97,11211.0
1385.0,97,6952.0,27.919678714859437,5.067987600303208,97,11642.0,0.24628895022340117,97,11642.0
1390.0,88,7198.0,28.677290836653388,5.027636900481804,88,12041.0,0.25066143518898504,88,12041.0
1395.0,92,7498.0,29.519685039370078,5.404765388398024,92,12405.0,0.2601374295590058,92,12405.0
1400.0,88,6210.0,24.2578125,5.168795588101997,88,12215.0,0.25631029671115346,88,12215.0
1405.0,89,4430.0,17.170542635658915,5.210373520442929,89,11410.0,0.2524678228485676,89,11410.0
1410.0,86,3097.0,11.957528957528957,4.960185486571979,86,11562.0,0.23288117377149403,86,11562.0
1415.0,88,2167.0,8.334615384615384,5.45082374356096,88,11923.0,0.23180511102070733,88,11923.0
1420.0,77,1366.0,5.135338345864661,5.799349762582303,77,12009.0,0.2502923064286964,77,12009.0
1425.0,83,971.0,3.749034749034749,5.399069237986586,82,12256.0,0.23569684296405344,82,12256.0
1430.0,81,883.0,3.3071161048689137,5.683388419649329,81,12341.0,0.2538462732318483,81,12341.0
1435.0,80,987.0,3.7245283018867923,5.537898075615447,80,12671.0,0.25155689445825496,80,12671.0
1440.0,94,1194.0,4.592307692307692,5.419764929169516,94,13034.0,0.22888778062196555,94,13034.0
1445.0,100,1476.0,5.590909090909091,5.306856309554856,100,13454.0,0.2238176456903178,100,13454.0
1450.0,101,1681.0,6.319548872180451,5.12792614552143,101,13692.0,0.22422354589230523,101,13692.0
1455.0,101,1894.0,7.067164179104478,5.251799803804301,101,13900.0,0.2304453214857528,101,13900.0
1460.0,104,2201.0,8.243445692883896,5.238845670541492,104,13940.0,0.23940916241344137,104,13940.0
1465.0,97,2425.0,9.150943396226415,5.054347115480579,97,14320.0,0.2475487072494806,97,14320.0
1470.0,95,2742.0,10.347169811320756,5.3713778671355925,95,14720.0,0.2589995077099972,95,14720.0
1475.0,92,3035.0,11.496212121212121,5.199131453589547,92,14850.0,0.2575415259985063,92,14850.0
1480.0,93,3332.0,12.573584905660377,5.096593240022152,93,14711.0,0.2572545533265471,93,14711.0
1485.0,85,3660.0,13.863636363636363,4.985629708694752,85,15111.0,0.27367851017612743,85,15111.0
1490.0,83,4009.0,15.128301886792453,5.362878372360681,83,15433.0,0.29216708864862834,83,15433.0
1495.0,93,4399.0,16.232472324723247,5.256106021608533,93,15649.0,0.2779324490807825,93,15649.0
1500.0,97,4824.0,17.933085501858734,5.203235258998922,96,15549.0,0.27342475290074486,96,15549.0
1505.0,94,4431.0,16.112727272727273,5.002453192651306,93,15285.0,0.2532561742291498,93,15285.0
1510.0,99,3934.0,14.253623188405797,4.853085199083992,99,14479.0,0.23841505283315656,99,14479.0
1515.0,104,3716.0,13.611721611721611,4.807080829697412,104,13422.0,0.23611506827181689,104,13422.0
1520.0,92,3083.0,11.089928057553957,4.933857741871579,92,13443.0,0.24641475402573315,92,13443.0
1525.0,79,2388.0,8.589928057553957,5.6092714070795715,79,13531.0,0.2726040450880521,79,13531.0
1530.0,82,1847.0,6.643884892086331,5.154304082690199,82,13266.0,0.23806149136685043,82,13266.0
1535.0,85,1427.0,5.024647887323944,5.3920207299590235,85,12099.0,0.2399599217761017,85,12099.0
1540.0,69,1024.0,3.5310344827586206,5.607426616653811,69,12369.0,0.24692018733500276,69,12369.0
1545.0,61,944.0,3.2,6.239401386071928,61,12465.0,0.2768393909542672,61,12465.0
1550.0,57,771.0,2.60472972972973,6.074540946232031,57,12428.0,0.26894261438849604,57,12428.0
1555.0,66,823.0,2.7525083612040135,5.98786654736632,66,12353.0,0.24974515283324433,66,12353.0
1560.0,66,857.0,2.9249146757679183,5.440004197064982,66,12610.0,0.2221327022081143,66,12610.0
1565.0,83,1038.0,3.494949494949495,5.711216259497591,83,12887.0,0.22301785197645646,83,12887.0
1570.0,93,1402.0,4.720538720538721,5.508579323067658,93,13011.0,0.20648146573438997,93,13011.0
1575.0,101,1537.0,5.2457337883959045,5.326028314717556,100,13121.0,0.20901385204509607,100,13121.0
1580.0,123,1910.0,6.452702702702703,5.178016267834822,122,13223.0,0.19823484187658777,122,13223.0
1585.0,131,2285.0,7.745762711864407,4.975710388000423,131,13730.0,0.20206015559672327,131,13730.0
1590.0,122,2447.0,8.555944055944057,4.8642562019088285,122,14220.0,0.21105757597231994,122,14220.0
1595.0,116,2679.0,9.533807829181494,5.443958903095076,116,14570.0,0.22500281258915825,116,14570.0
1600.0,115,3050.0,10.971223021582734,5.656888870586908,115,15021.0,0.225620947092987,115,15021.0
1605.0,117,3384.0,12.216606498194945,5.5377756801086875,117,15533.0,0.22319306331506208,117,15533.0
1610.0,119,3330.0,12.065217391304348,5.306870288643705,119,15429.0,0.21888495674448735,119,15429.0
1615.0,119,3110.0,11.227436823104693,5.357460008258185,119,14278.0,0.22433838017468333,119,14278.0
1620.0,125,3103.0,11.324817518248175,5.369324776712541,125,13853.0,0.22592939324459171,125,13853.0
1625.0,117,2848.0,10.394160583941606,5.02595441404004,117,14167.0,0.23121020802054237,117,14167.0
1630.0,112,2492.0,9.22962962962963,4.875447522011341,112,14361.0,0.2342473467643225,112,14361.0
1635.0,81,1639.0,6.07037037037037,5.231758769709107,81,14552.0,0.2779892435131955,81,14552.0
1640.0,71,1240.0,4.5588235294117645,5.996384910159361,71,14764.0,0.3079711985952563,71,14764.0
1645.0,71,955.0,3.460144927536232,5.917048745347344,71,14929.0,0.2999288068602956,71,14929.0
1650.0,72,814.0,2.917562724014337,5.9954099325257015,72,14879.0,0.29441045451308073,72,14879.0
1655.0,80,1037.0,3.664310954063604,5.954044909681677,80,14781.0,0.2808065361802731,80,14781.0
1660.0,93,1362.0,4.729166666666667,5.706616499129782,92,14851.0,0.26988617199968185,92,14851.0
1665.0,94,1511.0,5.246527777777778,5.139651976403831,94,15178.0,0.2506857445148654,94,15178.0
1670.0,93,1737.0,6.073426573426573,5.382464781036799,93,15456.0,0.26836468891482684,93,15456.0
1675.0,108,2049.0,7.114583333333333,5.101321075728499,108,15919.0,0.24121086587186816,108,15919.0
1680.0,119,2486.0,8.815602836879433,4.595971987679756,119,16172.0,0.2106592368167971,119,16172.0
1685.0,130,2997.0,10.70357142857143,4.255386964468664,130,16619.0,0.1989665242890729,130,16619.0
1690.0,113,3208.0,11.335689045936396,4.455696402852145,113,16986.0,0.22108929412525688,113,16986.0
1695.0,105,3502.0,12.287719298245614,4.925409518571575,105,17229.0,0.23598965974336852,105,17229.0
1700.0,104,3347.0,11.702797202797203,4.584655918486271,104,17019.0,0.21477733519672731,104,17019.0
1705.0,106,3060.0,10.6993006993007,4.69638586115964,106,15959.0,0.23785565284848995,106,15959.0
1710.0,86,2720.0,9.444444444444445,4.779105552025285,86,15991.0,0.24933591813271444,86,15991.0
1715.0,86,2533.0,8.674657534246576,5.354966968354976,86,16229.0,0.2686805674455193,86,16229.0
1720.0,83,2345.0,8.14236111111111,5.60037555721264,83,16563.0,0.26297968088354395,83,16563.0
1725.0,82,1970.0,6.677966101694915,5.557173801652448,82,16696.0,0.25781472582358783,82,16696.0
1730.0,85,1684.0,5.708474576271186,5.504608145238887,85,16945.0,0.2452017933515242,85,16945.0
1735.0,78,1325.0,4.537671232876712,5.3790833821228325,78,17271.0,0.24969452217220184,78,17271.0
1740.0,83,1139.0,3.8741496598639458,5.5838401908249065,83,17609.0,0.24682717126708573,83,17609.0
1745.0,83,996.0,3.410958904109589,5.126950998413752,83,17371.0,0.22464479762063208,83,17371.0
1750.0,90,995.0,3.3959044368600684,5.127559116129214,90,16626.0,0.23207039963927753,90,16626.0
1755.0,97,1059.0,3.6020408163265305,4.772736519819203,97,16439.0,0.20920368957014324,97,16439.0
1760.0,108,1157.0,3.948805460750853,4.580155589871873,108,16341.0,0.20166902141384072,108,16341.0
1765.0,115,1265.0,4.362068965517241,4.376845382688406,115,16714.0,0.2009501663413501,115,16714.0
1770.0,121,1425.0,4.965156794425087,3.925324017466239,120,16766.0,0.1865446893511318,120,16766.0
1775.0,117,1548.0,5.301369863013699,4.009590588551131,117,16830.0,0.20251041237425646,117,16830.0
1780.0,109,1601.0,5.464163822525597,3.696509640141401,109,17346.0,0.18126535370080402,109,17346.0
1785.0,114,1808.0,6.213058419243986,3.2904679801101278,114,17655.0,0.17120359955257125,114,17655.0
1790.0,117,1991.0,6.703703703703703,3.393285018140999,116,17995.0,0.1634443241242949,116,17995.0
1795.0,98,1393.0,4.6433333333333335,3.5905252647868866,98,18220.0,0.17833934750713473,98,18220.0
1800.0,80,1017.0,3.3787375415282392,4.139827124675705,80,18106.0,0.18857342699937427,80,18106.0
1805.0,91,1040.0,3.5254237288135593,3.8747395003351564,91,18461.0,0.1630071567005942,91,18461.0
1810.0,109,1183.0,4.037542662116041,3.3085532216428173,109,18820.0,0.11131087333188253,109,18820.0
1815.0,127,1538.0,5.321799307958478,2.962408365779819,127,19375.0,0.08849997390567761,127,19375.0
1820.0,129,1730.0,6.113074204946996,2.7348278378110957,129,19370.0,0.07668930792039189,129,19370.0
1825.0,131,1869.0,6.796363636363636,2.592182007573153,131,18283.0,0.06544930460932714,131,18283.0
1830.0,137,2160.0,8.029739776951672,2.424638364487378,137,18630.0,0.055031830086280056,137,18630.0
1835.0,127,2389.0,9.083650190114069,2.7468398658171838,127,18591.0,0.08254904991386995,127,18591.0
1840.0,107,1938.0,7.425287356321839,3.1229039009514206,107,18740.0,0.10278002702228292,107,18740.0
1845.0,75,1163.0,4.56078431372549,4.076417060771647,75,18335.0,0.13491677242089598,75,18335.0
1850.0,66,950.0,3.8,4.276879318248258,66,18346.0,0.14036136095051915,66,18346.0
1855.0,76,898.0,3.6356275303643724,4.0137048681124226,76,18009.0,0.09929832018096586,76,18009.0
1860.0,65,809.0,3.3292181069958846,4.211064492579492,65,18033.0,0.10616373824178744,65,18033.0
1865.0,58,918.0,3.8410041841004183,4.75921382978972,58,17636.0,0.10873834479457012,58,17636.0
1870.0,64,1162.0,5.052173913043478,4.214904453922126,64,17839.0,0.0753729066351582,64,17839.0
1875.0,77,1503.0,6.739910313901345,4.036368687144396,77,17619.0,0.06853806093898525,77,17619.0
1880.0,80,1790.0,8.325581395348838,3.8460803451974463,80,17810.0,0.07390882596478987,80,17810.0
1885.0,82,2146.0,10.367149758454106,3.848528875440934,82,17883.0,0.06707175246254736,82,17883.0
1890.0,79,2161.0,11.025510204081632,3.4191667215831463,79,17621.0,0.0686519473936468,79,17621.0
1895.0,78,2023.0,10.591623036649215,3.374912669035316,78,16441.0,0.05824094813071083,78,16441.0
1900.0,74,1859.0,10.2707182320442,3.216602699199238,74,16457.0,0.06098323062381806,74,16457.0
1905.0,69,1660.0,9.764705882352942,3.2083428577933666,69,16530.0,0.06365753112069589,69,16530.0
1910.0,61,1412.0,8.825,2.7007818822785326,61,16617.0,0.06863479983519342,61,16617.0
1915.0,60,1215.0,7.59375,2.8372200827211462,60,16815.0,0.06697102029959662,60,16815.0
1920.0,54,958.0,6.220779220779221,2.883456020855824,54,16881.0,0.0698136827216563,54,16881.0
1925.0,46,558.0,3.6470588235294117,3.1602681890547126,46,16424.0,0.06959846666116344,46,16424.0
1930.0,46,353.0,2.3533333333333335,3.3192324122173162,46,15469.0,0.07511113819654523,46,15469.0
1935.0,51,400.0,2.73972602739726,2.862776266800937,51,15618.0,0.05805660573562466,51,15618.0
1940.0,55,476.0,3.3055555555555554,2.930538175332657,55,15706.0,0.06282614547664747,55,15706.0
1945.0,60,547.0,3.852112676056338,2.8582449588014716,60,15879.0,0.050325225044981936,60,15879.0
1950.0,61,563.0,4.0503597122302155,2.794513662526759,61,15884.0,0.0488408159863164,61,15884.0
1955.0,51,583.0,4.22463768115942,2.873503960413488,51,16084.0,0.0422841037984002,51,16084.0
1960.0,56,712.0,5.235294117647059,2.806276655405133,56,16211.0,0.037066498392596715,56,16211.0
1965.0,59,738.0,5.507462686567164,2.7121954730119,59,15891.0,0.027261204490699915,59,15891.0
1970.0,57,671.0,5.083333333333333,3.216096649484899,57,14738.0,0.03670090371098521,57,14738.0
1975.0,60,668.0,5.21875,2.9634653725143005,60,14756.0,0.05406446935146239,60,14756.0
1980.0,60,688.0,5.59349593495935,2.6390540420039375,60,15066.0,0.051304665022818094,60,15066.0
1985.0,64,726.0,6.0,2.419126992594992,64,15377.0,0.04551158656273882,64,15377.0
1990.0,60,673.0,5.752136752136752,2.099935994351138,60,15425.0,0.050116209758555345,60,15425.0
1995.0,58,659.0,5.730434782608696,2.1419123612485857,58,15179.0,0.05414546763063979,58,15179.0
2000.0,58,730.0,6.4035087719298245,2.4509898327555115,58,15048.0,0.07269584617428503,58,15048.0
2005.0,57,813.0,7.1946902654867255,2.6476905213348485,57,14783.0,0.08235862657564924,57,14783.0
2010.0,65,1025.0,9.070796460176991,2.724875580132349,65,15092.0,0.07892143548710197,65,15092.0
2015.0,62,1175.0,10.491071428571429,2.8906611768119106,62,15137.0,0.1044257763803592,62,15137.0
2020.0,52,1135.0,10.318181818181818,3.008560540448645,52,14265.0,0.12557595558060555,52,14265.0
2025.0,46,960.0,8.807339449541285,3.463946968923425,46,12828.0,0.11946391439514935,46,12828.0
2030.0,44,868.0,8.037037037037036,3.438063641271372,44,13186.0,0.11714802901387117,44,13186.0
2035.0,46,752.0,7.230769230769231,2.885898583571519,46,13413.0,0.09753868637662017,46,13413.0
2040.0,42,627.0,6.147058823529412,2.784362048002705,42,13144.0,0.09198803655656444,42,13144.0
2045.0,35,484.0,4.84,3.12458106542839,35,11961.0,0.10108709500864507,35,11961.0
2050.0,33,621.0,6.402061855670103,3.2993292794522757,33,10872.0,0.10420989090779792,33,10872.0
2055.0,31,618.0,6.371134020618556,3.4059134632502577,31,10806.0,0.10225702289224417,31,10806.0
2060.0,37,563.0,5.864583333333333,3.685545725788972,37,10451.0,0.09923295745785024,37,10451.0
2065.0,41,501.0,5.21875,3.7448713745806947,41,10610.0,0.08766903398193306,41,10610.0
2070.0,41,447.0,4.65625,3.410877613646788,41,10165.0,0.04254448882127528,41,10165.0
2075.0,39,354.0,3.847826086956522,3.401262124512195,39,9243.0,0.05099985543486214,39,9243.0
2080.0,41,360.0,3.956043956043956,3.9258054838424092,41,8374.0,0.07439300354006514,41,8374.0
2085.0,41,429.0,4.714285714285714,4.395132768874211,41,8573.0,0.09151134157171689,41,8573.0
2090.0,47,565.0,6.277777777777778,3.7287720829834163,47,8793.0,0.024433549520412087,47,8793.0
2095.0,51,713.0,8.195402298850574,3.1072758609550646,51,9038.0,0.0076665814596392325,51,9038.0
2100.0,49,763.0,8.770114942528735,3.522881057936904,49,9035.0,0.020059914256748614,49,9035.0
2105.0,46,714.0,8.4,3.7335861350921533,46,9152.0,0.024565586916688253,46,9152.0
2110.0,41,728.0,8.666666666666666,3.955244843678549,41,9215.0,0.022361466122660278,41,9215.0
2115.0,37,774.0,9.325301204819278,4.13273451086098,37,9410.0,0.02204683896761892,37,9410.0
2120.0,35,807.0,9.72289156626506,4.066870943783273,35,9553.0,0.028445775863144045,35,9553.0
2125.0,27,808.0,9.975308641975309,4.29804546244179,27,9037.0,0.040055699448015056,27,9037.0
2130.0,21,769.0,9.6125,4.633722223901785,21,9155.0,0.057398212343817055,21,9155.0
2135.0,21,779.0,10.67123287671233,3.9292342004115923,21,9256.0,0.05971090187944286,21,9256.0
2140.0,20,863.0,13.075757575757576,3.406859881152654,20,8985.0,0.0588249996174306,20,8985.0
2145.0,19,942.0,14.952380952380953,3.773216763202418,19,8514.0,0.10269299942469516,19,8514.0
2150.0,14,640.0,11.03448275862069,3.685905965508929,14,8088.0,0.11141940680291959,14,8088.0
2155.0,5,76.0,1.3571428571428572,4.848057537425374,5,6927.0,0.1748002871579181,5,6927.0
2160.0,5,16.0,0.2909090909090909,5.039410812541444,5,6437.0,0.14850095167971966,5,6437.0
2165.0,12,40.0,0.7692307692307693,4.754541107209156,12,5926.0,0.08340596390720344,12,5926.0
2170.0,12,80.0,1.6,4.920873954401586,12,5632.0,0.0918384833205552,12,5632.0
2175.0,5,34.0,0.7083333333333334,5.386258417491501,5,5193.0,0.14453527060388058,5,5193.0
2180.0,4,11.0,0.23404255319148937,6.41922727308258,4,4307.0,0.15189853669489733,4,4307.0
2185.0,8,42.0,0.8936170212765957,5.955815436525108,8,4076.0,0.07065058597374696,8,4076.0
2190.0,12,98.0,2.130434782608696,6.087667478496701,12,4132.0,0.08187421397338318,12,4132.0
2195.0,15,170.0,3.6956521739130435,5.878014599175089,15,4204.0,0.0653524604648946,15,4204.0
2200.0,16,187.0,4.25,5.370636777519308,16,4037.0,0.03236465052410554,16,4037.0
2205.0,15,166.0,3.9523809523809526,5.8928539245718765,15,3742.0,0.0629622000485239,15,3742.0
2210.0,16,171.0,4.170731707317073,5.682554169611849,16,3819.0,0.05263845848640521,16,3819.0
2215.0,13,160.0,4.444444444444445,4.778832337004917,13,3888.0,0.04027733500496492,13,3888.0
2220.0,10,88.0,2.5142857142857142,5.117136115906251,10,3589.0,0.04317856424686393,10,3589.0
2225.0,10,92.0,2.6285714285714286,5.652050673180078,10,3639.0,0.05268729582989747,10,3639.0
2230.0,10,89.0,2.696969696969697,5.378699536461677,10,3531.0,0.052536174596924314,10,3531.0
2235.0,9,63.0,2.032258064516129,5.9325649986876385,9,3061.0,0.09485252140482328,9,3061.0
2240.0,9,56.0,1.8666666666666667,6.179154767198432,9,2867.0,0.08835290879736227,9,2867.0
2245.0,8,51.0,1.8214285714285714,5.799356692785644,8,2907.0,0.09211864724967946,8,2907.0
2250.0,3,8.0,0.3076923076923077,5.844863497481007,3,2721.0,0.11225939703399804,3,2721.0
2255.0,1,2.0,0.08333333333333333,7.287425331931426,1,2252.0,0.15417107270008934,1,2252.0
2260.0,0,0.0,0.0,8.085776531402713,0,1594.0,0.15875285169742412,0,1594.0
2265.0,1,1.0,0.05,6.753677772737127,1,1595.0,0.24002123166290834,1,1595.0
2270.0,4,16.0,0.8,7.6372167625513825,4,1610.0,0.1734934663911603,4,1610.0
2275.0,8,48.0,2.526315789473684,6.218995028293884,8,1642.0,0.021628621862249443,8,1642.0
2280.0,11,96.0,6.0,4.987178534933917,11,1690.0,0.0007379477090875227,11,1690.0
2285.0,8,92.0,6.571428571428571,4.095670150630953,8,1556.0,0.04135079536072936,8,1556.0
2290.0,3,38.0,3.1666666666666665,5.839584353495759,3,1178.0,0.16967490653264547,3,1178.0
2295.0,1,2.0,0.16666666666666666,7.054079719822126,1,1011.0,0.203453802161799,1,1011.0
2300.0,3,12.0,1.0,6.9536833946281655,3,1021.0,0.03665212699028824,3,1021.0
2305.0,6,36.0,3.0,6.653644515120302,6,1045.0,0.0015135791545491837,6,1045.0
2310.0,7,71.0,7.1,4.898147000910043,7,1080.0,8.495739519894087e-06,7,1080.0
2315.0,7,106.0,11.777777777777779,3.392946601755713,7,1115.0,2.1120499108245445e-06,7,1115.0
2320.0,7,141.0,17.625,1.244147476462694,7,1150.0,0.0,7,1150.0
2325.0,4,89.0,11.125,2.6304599029692515,4,1023.0,0.05734316581796398,4,1023.0
2330.0,0,0.0,0.0,6.789244221483317,0,474.0,0.20518846040344307,0,474.0
2335.0,0,0.0,0.0,6.221673647028213,0,474.0,0.07241974000631284,0,474.0
2340.0,3,8.0,1.1428571428571428,7.290180706604535,3,482.0,0.0005821724827388768,3,482.0
2345.0,3,23.0,3.2857142857142856,7.2742232227579535,3,497.0,1.577658516406559e-06,3,497.0
2350.0,3,38.0,5.428571428571429,7.471973365514992,3,512.0,0.0,3,512.0
2355.0,0,0.0,0.0,8.846324694289295,0,341.0,0.18920852879277092,0,341.0
2360.0,0,0.0,0.0,11.61249593056114,0,0.0,1.0,0,0.0
2365.0,0,0.0,0.0,14.163659054536843,0,0.0,1.0,0,0.0
2370.0,0,0.0,0.0,15.486806031957407,0,0.0,1.0,0,0.0
2375.0,0,0.0,0.0,17.83536418575308,0,0.0,1.0,0,0.0
2380.0,0,0.0,0.0,15.862827785090674,0,0.0,1.0,0,0.0
2385.0,0,0.0,0.0,10.942668899644652,0,0.0,1.0,0,0.0
2390.0,0,0.0,0.0,12.25130722553704,0,0.0,1.0,0,0.0
2395.0,0,0.0,0.0,0.0,0,0.0,1.0,0,0.0
2400.0,0,0.0,0.0,0.0,0,0.0,1.0,0,0.0
2405.0,0,0.0,0.0,0.0,0,0.0,1.0,0,0.0
2410.0,0,0.0,0.0,0.0,0,0.0,1.0,0,0.0
2415.0,0,0.0,0.0,0.0,0,0.0,1.0,0,0.0
2420.0,0,0.0,0.0,0.0,0,0.0,1.0,0,0.0
2425.0,0,0.0,0.0,0.0,0,0.0,1.0,0,0.0
2430.0,0,0.0,0.0,0.0,0,0.0,1.0,0,0.0
2435.0,0,0.0,0.0,0.0,0,0.0,1.0,0,0.0
2440.0,0,0.0,0.0,0.0,0,0.0,1.0,0,0.0
2445.0,0,0.0,0.0,0.0,0,0.0,1.0,0,0.0
2450.0,0,0.0,0.0,0.0,0,0.0,1.0,0,0.0
2455.0,0,0.0,0.0,0.0,0,0.0,1.0,0,0.0
2460.0,0,0.0,0.0,0.0,0,0.0,1.0,0,0.0
2465.0,0,0.0,0.0,0.0,0,0.0,1.0,0,0.0
2470.0,0,0.0,0.0,0.0,0,0.0,1.0,0,0.0
2475.0,0,0.0,0.0,0.0,0,0.0,1.0,0,0.0
2480.0,0,0.0,0.0,0.0,0,0.0,1.0,0,0.0
2485.0,0,0.0,0.0,0.0,0,0.0,1.0,0,0.0
2490.0,0,0.0,0.0,0.0,0,0.0,1.0,0,0.0
2495.0,0,0.0,0.0,0.0,0,0.0,1.0,0,0.0
2500.0,0,0.0,0.0,0.0,0,0.0,1.0,0,0.0
2505.0,0,0.0,0.0,0.0,0,0.0,1.0,0,0.0
2510.0,0,0.0,0.0,0.0,0,0.0,1.0,0,0.0
2515.0,0,0.0,0.0,0.0,0,0.0,1.0,0,0.0
2520.0,0,0.0,0.0,0.0,0,0.0,1.0,0,0.0
2525.0,0,0.0,0.0,0.0,0,0.0,1.0,0,0.0
2530.0,0,0.0,0.0,0.0,0,0.0,1.0,0,0.0
2535.0,0,0.0,0.0,0.0,0,0.0,1.0,0,0.0
2540.0,0,0.0,0.0,0.0,0,0.0,1.0,0,0.0
2545.0,0,0.0,0.0,0.0,0,0.0,1.0,0,0.0
2550.0,0,0.0,0.0,0.0,0,0.0,1.0,0,0.0
2555.0,0,0.0,0.0,0.0,0,0.0,1.0,0,0.0
2560.0,0,0.0,0.0,0.0,0,0.0,1.0,0,0.0
2565.0,0,0.0,0.0,0.0,0,0.0,1.0,0,0.0
2570.0,0,0.0,0.0,0.0,0,0.0,1.0,0,0.0
2575.0,0,0.0,0.0,0.0,0,0.0,1.0,0,0.0
2580.0,0,0.0,0.0,0.0,0,0.0,1.0,0,0.0
2585.0,0,0.0,0.0,0.0,0,0.0,1.0,0,0.0
2590.0,0,0.0,0.0,0.0,0,0.0,1.0,0,0.0
2595.0,0,0.0,0.0,0.0,0,0.0,1.0,0,0.0
2600.0,0,0.0,0.0,0.0,0,0.0,1.0,0,0.0
2605.0,0,0.0,0.0,0.0,0,0.0,1.0,0,0.0
2610.0,0,0.0,0.0,0.0,0,0.0,1.0,0,0.0
2615.0,0,0.0,0.0,0.0,0,0.0,1.0,0,0.0
2620.0,0,0.0,0.0,0.0,0,0.0,1.0,0,0.0
2625.0,0,0.0,0.0,0.0,0,0.0,1.0,0,0.0
2630.0,0,0.0,0.0,0.0,0,0.0,1.0,0,0.0
2635.0,0,0.0,0.0,0.0,0,0.0,1.0,0,0.0
2640.0,0,0.0,0.0,0.0,0,0.0,1.0,0,0.0
2645.0,0,0.0,0.0,0.0,0,0.0,1.0,0,0.0
2650.0,0,0.0,0.0,0.0,0,0.0,1.0,0,0.0
2655.0,0,0.0,0.0,0.0,0,0.0,1.0,0,0.0
2660.0,0,0.0,0.0,0.0,0,0.0,1.0,0,0.0
2665.0,0,0.0,0.0,0.0,0,0.0,1.0,0,0.0
2670.0,0,0.0,0.0,0.0,0,0.0,1.0,0,0.0
2675.0,0,0.0,0.0,0.0,0,0.0,1.0,0,0.0
2680.0,0,0.0,0.0,0.0,0,0.0,1.0,0,0.0
2685.0,0,0.0,0.0,0.0,0,0.0,1.0,0,0.0
2690.0,0,0.0,0.0,0.0,0,0.0,1.0,0,0.0
2695.0,0,0.0,0.0,0.0,0,0.0,1.0,0,0.0
2700.0,0,0.0,0.0,0.0,0,0.0,1.0,0,0.0
2705.0,0,0.0,0.0,0.0,0,0.0,1.0,0,0.0
2710.0,0,0.0,0.0,0.0,0,0.0,1.0,0,0.0
2715.0,0,0.0,0.0,0.0,0,0.0,1.0,0,0.0
2720.0,0,0.0,0.0,0.0,0,0.0,1.0,0,0.0
2725.0,0,0.0,0.0,0.0,0,0.0,1.0,0,0.0
2730.0,0,0.0,0.0,0.0,0,0.0,1.0,0,0.0
2735.0,0,0.0,0.0,0.0,0,0.0,1.0,0,0.0
2740.0,0,0.0,0.0,0.0,0,0.0,1.0,0,0.0
2745.0,0,0.0,0.0,0.0,0,0.0,1.0,0,0.0
2750.0,0,0.0,0.0,0.0,0,0.0,1.0,0,0.0
2755.0,0,0.0,0.0,0.0,0,0.0,1.0,0,0.0
2760.0,0,0.0,0.0,0.0,0,0.0,1.0,0,0.0
2765.0,0,0.0,0.0,0.0,0,0.0,1.0,0,0.0
2770.0,0,0.0,0.0,0.0,0,0.0,1.0,0,0.0
2775.0,0,0.0,0.0,0.0,0,0.0,1.0,0,0.0
2780.0,0,0.0,0.0,0.0,0,0.0,1.0,0,0.0
2785.0,0,0.0,0.0,0.0,0,0.0,1.0,0,0.0
2790.0,0,0.0,0.0,0.0,0,0.0,1.0,0,0.0
2795.0,0,0.0,0.0,0.0,0,0.0,1.0,0,0.0
2800.0,0,0.0,0.0,0.0,0,0.0,1.0,0,0.0
